<application>
  <component name="libraryTable">
    <library name="Python 3.6  sys interpreter library">
      <CLASSES>
        <root url="file://$USER_HOME$/AppData/Local/Programs/Python/Python36/DLLs" />
        <root url="file://$USER_HOME$/AppData/Local/Programs/Python/Python36/Lib" />
        <root url="file://$USER_HOME$/AppData/Local/Programs/Python/Python36" />
        <root url="file://$USER_HOME$/AppData/Local/Programs/Python/Python36/Lib/site-packages" />
        <root url="file://$USER_HOME$/.IntelliJIdea2019.3/system/python_stubs/-1033978998" />
        <root url="file://$APPLICATION_PLUGINS_DIR$/python/helpers/python-skeletons" />
        <root url="file://$APPLICATION_PLUGINS_DIR$/python/helpers/typeshed/stdlib/3" />
        <root url="file://$APPLICATION_PLUGINS_DIR$/python/helpers/typeshed/stdlib/2and3" />
        <root url="file://$APPLICATION_PLUGINS_DIR$/python/helpers/typeshed/third_party/3" />
        <root url="file://$APPLICATION_PLUGINS_DIR$/python/helpers/typeshed/third_party/2and3" />
      </CLASSES>
      <JAVADOC />
      <SOURCES>
        <root url="file://$USER_HOME$/AppData/Local/Programs/Python/Python36/DLLs" />
        <root url="file://$USER_HOME$/AppData/Local/Programs/Python/Python36/Lib" />
        <root url="file://$USER_HOME$/AppData/Local/Programs/Python/Python36" />
        <root url="file://$USER_HOME$/AppData/Local/Programs/Python/Python36/Lib/site-packages" />
        <root url="file://$USER_HOME$/.IntelliJIdea2019.3/system/python_stubs/-1033978998" />
        <root url="file://$APPLICATION_PLUGINS_DIR$/python/helpers/python-skeletons" />
        <root url="file://$APPLICATION_PLUGINS_DIR$/python/helpers/typeshed/stdlib/3" />
        <root url="file://$APPLICATION_PLUGINS_DIR$/python/helpers/typeshed/stdlib/2and3" />
        <root url="file://$APPLICATION_PLUGINS_DIR$/python/helpers/typeshed/third_party/3" />
        <root url="file://$APPLICATION_PLUGINS_DIR$/python/helpers/typeshed/third_party/2and3" />
      </SOURCES>
    </library>
    <library name="Python 3.6 interpreter library">
      <CLASSES>
        <root url="file://$USER_HOME$/AppData/Local/Programs/Python/Python36/DLLs" />
        <root url="file://$USER_HOME$/AppData/Local/Programs/Python/Python36/Lib" />
        <root url="file://$USER_HOME$/AppData/Local/Programs/Python/Python36" />
        <root url="file://$USER_HOME$/AppData/Local/Programs/Python/Python36/Lib/site-packages" />
        <root url="file://$USER_HOME$/.IntelliJIdea2019.1/system/python_stubs/-1625532233" />
        <root url="file://$APPLICATION_PLUGINS_DIR$/python/helpers/python-skeletons" />
        <root url="file://$APPLICATION_PLUGINS_DIR$/python/helpers/typeshed/stdlib/3" />
        <root url="file://$APPLICATION_PLUGINS_DIR$/python/helpers/typeshed/stdlib/2and3" />
        <root url="file://$APPLICATION_PLUGINS_DIR$/python/helpers/typeshed/third_party/3" />
        <root url="file://$APPLICATION_PLUGINS_DIR$/python/helpers/typeshed/third_party/2and3" />
      </CLASSES>
      <JAVADOC />
      <SOURCES>
        <root url="file://$USER_HOME$/AppData/Local/Programs/Python/Python36/DLLs" />
        <root url="file://$USER_HOME$/AppData/Local/Programs/Python/Python36/Lib" />
        <root url="file://$USER_HOME$/AppData/Local/Programs/Python/Python36" />
        <root url="file://$USER_HOME$/AppData/Local/Programs/Python/Python36/Lib/site-packages" />
        <root url="file://$USER_HOME$/.IntelliJIdea2019.1/system/python_stubs/-1625532233" />
        <root url="file://$APPLICATION_PLUGINS_DIR$/python/helpers/python-skeletons" />
        <root url="file://$APPLICATION_PLUGINS_DIR$/python/helpers/typeshed/stdlib/3" />
        <root url="file://$APPLICATION_PLUGINS_DIR$/python/helpers/typeshed/stdlib/2and3" />
        <root url="file://$APPLICATION_PLUGINS_DIR$/python/helpers/typeshed/third_party/3" />
        <root url="file://$APPLICATION_PLUGINS_DIR$/python/helpers/typeshed/third_party/2and3" />
      </SOURCES>
    </library>
    <library name="Python 3.6 interpreter library">
      <CLASSES />
      <JAVADOC />
      <SOURCES />
    </library>
    <library name="Python 3.7 interpreter library">
      <CLASSES>
        <root url="file://D:/Program Files/Python/DLLs" />
        <root url="file://D:/Program Files/Python/Lib" />
        <root url="file://D:/Program Files/Python" />
        <root url="file://D:/Program Files/Python/Lib/site-packages" />
        <root url="file://$USER_HOME$/.IntelliJIdea2019.1/system/python_stubs/-1389958170" />
        <root url="file://$APPLICATION_PLUGINS_DIR$/python/helpers/python-skeletons" />
        <root url="file://$APPLICATION_PLUGINS_DIR$/python/helpers/typeshed/stdlib/3" />
        <root url="file://$APPLICATION_PLUGINS_DIR$/python/helpers/typeshed/stdlib/2and3" />
        <root url="file://$APPLICATION_PLUGINS_DIR$/python/helpers/typeshed/third_party/3" />
        <root url="file://$APPLICATION_PLUGINS_DIR$/python/helpers/typeshed/third_party/2and3" />
      </CLASSES>
      <JAVADOC />
      <SOURCES>
        <root url="file://D:/Program Files/Python/DLLs" />
        <root url="file://D:/Program Files/Python/Lib" />
        <root url="file://D:/Program Files/Python" />
        <root url="file://D:/Program Files/Python/Lib/site-packages" />
        <root url="file://$USER_HOME$/.IntelliJIdea2019.1/system/python_stubs/-1389958170" />
        <root url="file://$APPLICATION_PLUGINS_DIR$/python/helpers/python-skeletons" />
        <root url="file://$APPLICATION_PLUGINS_DIR$/python/helpers/typeshed/stdlib/3" />
        <root url="file://$APPLICATION_PLUGINS_DIR$/python/helpers/typeshed/stdlib/2and3" />
        <root url="file://$APPLICATION_PLUGINS_DIR$/python/helpers/typeshed/third_party/3" />
        <root url="file://$APPLICATION_PLUGINS_DIR$/python/helpers/typeshed/third_party/2and3" />
      </SOURCES>
    </library>
    <library name="src">
      <CLASSES />
      <JAVADOC />
      <SOURCES>
        <root url="file://D:/Users/P/IdeaProjects/learn/src" />
      </SOURCES>
    </library>
  </component>
</application>