<application>
  <component name="GeneralSettings">
    <option name="confirmExit" value="false" />
    <option name="confirmOpenNewProject2" value="0" />
    <option name="processCloseConfirmation" value="TERMINATE" />
    <option name="autoSyncFiles" value="false" />
  </component>
  <component name="Registry">
    <entry key="debugger.watches.in.variables" value="false" />
    <entry key="ide.tooltip.initialDelay" value="0" />
    <entry key="ide.windowSystem.autoShowProcessPopup" value="true" />
  </component>
</application>