<application>
  <component name="ProjectManager">
    <defaultProject>
      <component name="MavenImportPreferences">
        <option name="generalSettings">
          <MavenGeneralSettings>
            <option name="localRepository" value="D:\java\apache-maven-3.5.0\repository" />
            <option name="mavenHome" value="D:/java/apache-maven-3.5.0" />
            <option name="userSettingsFile" value="D:\java\apache-maven-3.5.0\conf\settings.xml" />
          </MavenGeneralSettings>
        </option>
        <option name="importingSettings">
          <MavenImportingSettings>
            <option name="vmOptionsForImporter" value="-Xmx768m" />
          </MavenImportingSettings>
        </option>
      </component>
      <component name="MavenRunner">
        <option name="jreName" value="1.8" />
      </component>
      <component name="ProjectDictionaryState">
        <dictionary name="hpp" />
        <dictionary name="binyu" />
      </component>
      <component name="PropertiesComponent">
        <property name="nodejs_interpreter_path.stuck_in_default_project" value="undefined stuck path" />
        <property name="nodejs_npm_path_reset_for_default_project" value="true" />
        <property name="project.structure.last.edited" value="项目" />
        <property name="project.structure.proportion" value="0.15" />
        <property name="project.structure.side.proportion" value="0.0" />
        <property name="settings.editor.selected.configurable" value="preferences.pluginManager" />
      </component>
      <component name="RemoteRepositoriesConfiguration">
        <remote-repository>
          <option name="id" value="central" />
          <option name="name" value="Maven Central repository" />
          <option name="url" value="https://repo1.maven.org/maven2" />
        </remote-repository>
        <remote-repository>
          <option name="id" value="jboss.community" />
          <option name="name" value="JBoss Community repository" />
          <option name="url" value="https://repository.jboss.org/nexus/content/repositories/public/" />
        </remote-repository>
        <remote-repository>
          <option name="id" value="5c57ab0e-b60f-4a0a-9b13-a19c9afa9d6e" />
          <option name="name" value="5c57ab0e-b60f-4a0a-9b13-a19c9afa9d6e" />
          <option name="url" value="http://maven.aliyun.com/nexus/content/repositories/central/" />
        </remote-repository>
        <remote-repository>
          <option name="id" value="267844e8-62d3-48f6-ba30-f89560674819" />
          <option name="name" value="267844e8-62d3-48f6-ba30-f89560674819" />
          <option name="url" value="http://maven.aliyun.com/nexus/content/groups/public/" />
        </remote-repository>
      </component>
      <component name="RunDashboard">
        <option name="ruleStates">
          <list>
            <RuleState>
              <option name="name" value="ConfigurationTypeDashboardGroupingRule" />
            </RuleState>
            <RuleState>
              <option name="name" value="StatusDashboardGroupingRule" />
            </RuleState>
          </list>
        </option>
      </component>
      <component name="masterDetails">
        <states>
          <state key="GlobalLibrariesConfigurable.UI">
            <settings>
              <splitter-proportions>
                <option name="proportions">
                  <list>
                    <option value="0.2" />
                  </list>
                </option>
              </splitter-proportions>
            </settings>
          </state>
          <state key="JdkListConfigurable.UI">
            <settings>
              <splitter-proportions>
                <option name="proportions">
                  <list>
                    <option value="0.2" />
                  </list>
                </option>
              </splitter-proportions>
            </settings>
          </state>
          <state key="ProjectJDKs.UI">
            <settings>
              <last-edited>Python 3.6  sys</last-edited>
              <splitter-proportions>
                <option name="proportions">
                  <list>
                    <option value="0.2" />
                  </list>
                </option>
              </splitter-proportions>
            </settings>
          </state>
          <state key="ProjectLibrariesConfigurable.UI">
            <settings>
              <splitter-proportions>
                <option name="proportions">
                  <list>
                    <option value="0.2" />
                  </list>
                </option>
              </splitter-proportions>
            </settings>
          </state>
          <state key="ScopeChooserConfigurable.UI">
            <settings>
              <splitter-proportions>
                <option name="proportions">
                  <list>
                    <option value="0.2" />
                  </list>
                </option>
              </splitter-proportions>
            </settings>
          </state>
        </states>
      </component>
    </defaultProject>
  </component>
</application>