<keymap version="1" name="Default copy" parent="$default">
  <action id="$EditorTranslateAction">
    <keyboard-shortcut first-keystroke="shift ctrl y" />
    <keyboard-shortcut first-keystroke="alt a" />
  </action>
  <action id="ActivateDebugToolWindow">
    <keyboard-shortcut first-keystroke="alt 3" />
  </action>
  <action id="ActivateFavoritesToolWindow" />
  <action id="ActivateFindToolWindow">
    <keyboard-shortcut first-keystroke="alt 4" />
  </action>
  <action id="ActivateRunToolWindow">
    <keyboard-shortcut first-keystroke="alt 2" />
  </action>
  <action id="CloseContent">
    <keyboard-shortcut first-keystroke="ctrl f4" />
    <keyboard-shortcut first-keystroke="alt w" />
  </action>
  <action id="CodeCompletion">
    <keyboard-shortcut first-keystroke="alt semicolon" />
  </action>
  <action id="Console.TableResult.NextPage" />
  <action id="Console.TableResult.PreviousPage" />
  <action id="Editor EditorTranslateAction">
    <keyboard-shortcut first-keystroke="alt a" />
  </action>
  <action id="EditorPasteSimple" />
  <action id="FindNext">
    <keyboard-shortcut first-keystroke="f3" />
  </action>
  <action id="Javascript.Linters.EsLint.Fix">
    <keyboard-shortcut first-keystroke="ctrl l" />
  </action>
  <action id="JumpToLastChange">
    <keyboard-shortcut first-keystroke="shift ctrl back_space" />
    <keyboard-shortcut first-keystroke="ctrl alt up" />
  </action>
  <action id="JumpToNextChange">
    <keyboard-shortcut first-keystroke="ctrl alt down" />
  </action>
  <action id="NextOccurence" />
  <action id="PreviousOccurence" />
  <action id="TogglePresentationMode">
    <keyboard-shortcut first-keystroke="alt back_quote" />
  </action>
  <action id="Vcs.Log.FocusTextFilter" />
  <action id="Vcs.QuickListPopupAction" />
  <action id="tv.twelvetone.intellij.plugins.intellivue.analyzeVueFile">
    <keyboard-shortcut first-keystroke="shift meta alt v" />
    <keyboard-shortcut first-keystroke="shift ctrl alt v" />
  </action>
</keymap>